"timepoint","estimate_HB","estimate_WB","n"
"2013",0.1,0.1,20
"2016",0.1,0.1,30
"2019",0.1,0.1,402022-12-28,0.0738946023676832,0.0641988250851128,93
